{
    "assetDefaults": {
        "displayName": "Player Default",
        "modelKey": "mdl_player_default",
        "modelDefaultHeightOffset": 0.0,
        "modelDefaultRotationY": 0.0,
        "modelDefaultScale": 1.0,
        "appliedModelDefaultTransform": {
            "value0": 0.07999998331069946,
            "value1": 0.0,
            "value2": 0.0,
            "value3": 0.0,
            "value4": 0.0,
            "value5": 0.07999998331069946,
            "value6": 0.0,
            "value7": 0.0,
            "value8": 0.0,
            "value9": 0.0,
            "value10": 0.07999998331069946,
            "value11": 0.0,
            "value12": 0.01161956787109375,
            "value13": -0.5112060308456421,
            "value14": 1.3154277801513672,
            "value15": 1.0
        }
    }
}